Workbook

Sheet Plan1
A1: DATA | B1: INDICE | C1: INDICE_SA
A2: 32509
A3: 32540
A4: 32568
A5: 32599
A6: 32629
A7: 32660
A8: 32690
A9: 32721
A10: 32752
A11: 32782
A12: 32813
A13: 32843
... A169: 37591
A170: 37622 | B170: 67.09215 | C170: 70.11723
A171: =EOMONTH(A170,1) -> 37680 | B171: 68.8458 | C171: 71.30033
A172: =EOMONTH(A171,1) -> 37711 | B172: 72.15635 | C172: 70.94719
A173: =EOMONTH(A172,1) -> 37741 | B173: 71.30098 | C173: 70.44574
A174: =EOMONTH(A173,1) -> 37772 | B174: 69.98241 | C174: 69.74799
A175: =EOMONTH(A174,1) -> 37802 | B175: 68.78579 | C175: 69.89179
A176: =EOMONTH(A175,1) -> 37833 | B176: 71.90637 | C176: 69.0198
A177: =EOMONTH(A176,1) -> 37864 | B177: 70.80404 | C177: 69.57894
A178: =EOMONTH(A177,1) -> 37894 | B178: 71.78056 | C178: 71.08204
A179: =EOMONTH(A178,1) -> 37925 | B179: 73.30439 | C179: 71.11
A180: =EOMONTH(A179,1) -> 37955 | B180: 71.13897 | C180: 71.18796
A181: =EOMONTH(A180,1) -> 37986 | B181: 69.59138 | C181: 70.98281
A182: =EOMONTH(A181,1) -> 38017 | B182: 68.78953 | C182: 72.33564
... A447: =EOMONTH(A446,1) -> 46081 | B447: 106.6502 | C447: 110.89057

Sheet abertura
B1: ibc_agropecuaria | C1: ibc_agropecuaria_sa | D1: ibc_industria | E1: ibc_industria_sa | F1: ibc_servicos | G1: ibc_servicos_sa | H1: ibc_ex_agro | I1: ibc_ex_agro_sa | J1: ibc_impostos | K1: ibc_impostos_sa
A2: 37622 | B2: 41.73311 | C2: 54.74532 | D2: 86.72538 | E2: 91.63334 | F2: 64.61102 | G2: 66.08469 | H2: 68.6915 | I2: 71.02027 | J2: 62.28029 | K2: 65.57001
A3: 37653 | B3: 69.36675 | C3: 57.6376 | D3: 85.60383 | E3: 93.2999 | F3: 64.60733 | G3: 66.1829 | H3: 68.3775 | I3: 71.85595 | J3: 61.64062 | K3: 66.61068
A4: 37681 | B4: 89.80581 | C4: 56.8151 | D4: 88.95665 | E4: 91.122 | F4: 65.72275 | G4: 66.46119 | H4: 70.30626 | I4: 71.43461 | J4: 65.16685 | K4: 66.74328
A5: 37712 | B5: 80.55687 | C5: 57.6186 | D5: 88.32505 | E5: 90.6323 | F5: 65.45055 | G5: 65.81272 | H5: 70.12327 | I5: 71.01298 | J5: 65.85723 | K5: 66.66019
A6: 37742 | B6: 50.41143 | C6: 54.93572 | D6: 91.28817 | E6: 89.44439 | F6: 65.75599 | G6: 65.49849 | H6: 71.10384 | I6: 70.47382 | J6: 67.28052 | K6: 66.07934
A7: 37773 | B7: 53.53082 | C7: 52.71543 | D7: 86.68582 | E7: 88.8792 | F7: 65.48007 | G7: 66.20582 | H7: 69.57163 | I7: 70.63981 | J7: 64.21385 | K7: 65.90194
A8: 37803 | B8: 65.9864 | C8: 51.48758 | D8: 92.29977 | E8: 89.23677 | F8: 66.48634 | G8: 65.16408 | H8: 71.93097 | I8: 70.05012 | J8: 68.25945 | K8: 65.36539
A9: 37834 | B9: 54.88505 | C9: 56.61419 | D9: 92.69158 | E9: 88.72149 | F9: 66.16221 | G9: 65.59772 | H9: 71.63014 | I9: 70.08785 | J9: 67.27975 | K9: 65.19256
A10: 37865 | B10: 44.60786 | C10: 58.18619 | D10: 96.16026 | E10: 91.21767 | F10: 67.06986 | G10: 66.13246 | H10: 73.49497 | I10: 71.60532 | J10: 71.12051 | K10: 68.37307
A11: 37895 | B11: 37.98089 | C11: 59.21329 | D11: 101.13373 | E11: 91.80608 | F11: 67.98986 | G11: 66.22146 | H11: 75.65712 | I11: 71.76577 | J11: 75.03038 | K11: 69.14346
A12: 37926 | B12: 39.7571 | C12: 57.75819 | D12: 96.09304 | E12: 93.11479 | F12: 66.9626 | G12: 66.5563 | H12: 73.19188 | I12: 71.89735 | J12: 69.77238 | K12: 68.03357
A13: 37956 | B13: 43.74775 | C13: 56.33302 | D13: 87.60954 | E13: 92.37911 | F13: 67.23992 | G13: 66.63066 | H13: 71.21374 | I13: 71.99998 | J13: 66.13549 | K13: 67.75215
... A279: 46054 | B279: 187.20145 | C279: 128.18803 | D279: 96.23839 | E279: 106.49408 | F279: 105.07711 | G279: 110.86975 | H279: 102.1543 | I279: 109.83711 | J279: 98.96912 | K279: 110.35681

Sheet Tabela
D1: =DATE(YEAR(D4), MONTH(D4), 1) -> 46054 | Q1: =DATE(YEAR(Q2), MONTH(Q2), 1) -> 45992
Q2: =DATE(2000+_xlfn.TEXTAFTER(Q3,"T")*1,CHOOSE(_xlfn.TEXTBEFORE(Q3,"T")*1,3,6,9,12),CHOOSE(_xlfn.TEXTBEFORE(Q3,"T")*1,31,30,30,31)) -> 46022
D3: dessazonalizado | I3: média móvel (3 meses) | N3: variação | Q3: =IF(D4<=DATE(YEAR(D4),3,31), "4T" & TEXT(YEAR(D4)-1-2000,"00"), IF(D4<=DATE(YEAR(D4),6,30), "1T" & TEXT(YEAR(D4)-2000,"00"), IF(D4<=DATE(YEAR(D4),9,30), "2T" & TEXT(YEAR(D4)-2000,"00"), IF(D4<=DATE(YEAR(D4),12,31), "3T" & TEXT(YEAR(D4)-2000,"00"), "4T" & TEXT(YEAR(D4)-2000,"00"))))) -> 4T25
D4: {=INDEX(abertura!$A:$A,MATCH(LOOKUP(2,1/(abertura!$C:$C<>""),abertura!$C:$C),abertura!$C:$C,0))} -> 46054 | E4: =EDATE(D4,-1) -> 46023 | F4: =EDATE(E4,-1) -> 45992 | I4: =D4 -> 46054 | J4: =E4 -> 46023 | K4: =F4 -> 45992 | N4: trim* | O4: 12m**
A5: INDICE | B5: INDICE_SA | C5: IBC-Br | D5: =IFERROR((AVERAGEIFS(INDEX(Plan1!$A:$C,,MATCH($B5,Plan1!$A$1:$C$1,0)), Plan1!$A:$A,EOMONTH(D$4,0))/AVERAGEIFS(INDEX(Plan1!$A:$C,,MATCH($B5,Plan1!$A$1:$C$1,0)), Plan1!$A:$A,EOMONTH(D$4,-1))-1)*100,"") -> 0.60046073 | E5: =IFERROR((AVERAGEIFS(INDEX(Plan1!$A:$C,,MATCH($B5,Plan1!$A$1:$C$1,0)), Plan1!$A:$A,EOMONTH(E$4,0))/AVERAGEIFS(INDEX(Plan1!$A:$C,,MATCH($B5,Plan1!$A$1:$C$1,0)), Plan1!$A:$A,EOMONTH(E$4,-1))-1)*100,"") -> 0.85561308 | F5: =IFERROR((AVERAGEIFS(INDEX(Plan1!$A:$C,,MATCH($B5,Plan1!$A$1:$C$1,0)), Plan1!$A:$A,EOMONTH(F$4,0))/AVERAGEIFS(INDEX(Plan1!$A:$C,,MATCH($B5,Plan1!$A$1:$C$1,0)), Plan1!$A:$A,EOMONTH(F$4,-1))-1)*100,"") -> 0.010321893 | I5: =IFERROR((AVERAGE(AVERAGEIFS(INDEX(Plan1!$A:$AA,,MATCH($B5,Plan1!$A$1:$AA$1,0)), Plan1!$A:$A,EOMONTH(D$4,0)),AVERAGEIFS(INDEX(Plan1!$A:$AA,,MATCH($B5,Plan1!$A$1:$AA$1,0)), Plan1!$A:$A,EOMONTH(D$4,-1)),AVERAGEIFS(INDEX(Plan1!$A:$AA,,MATCH($B5,Plan1!$A$1:$AA$1,0)), Plan1!$A:$A,EOMONTH(D$4,-2)))/(AVERAGE(AVERAGEIFS(INDEX(Plan1!$A:$AA,,MATCH($B5,Plan1!$A$1:$AA$1,0)), Plan1!$A:$A,EOMONTH(D$4,-1)),AVERAGEIFS(INDEX(Plan1!$A:$AA,,MATCH($B5,Plan1!$A$1:$AA$1,0)), Plan1!$A:$A,EOMONTH(D$4,-2)),AVERAGEIFS(INDEX(Plan1!$A:$AA,,MATCH($B5,Plan1!$A$1:$AA$1,0)), Plan1!$A:$A,EOMONTH(D$4,-3))))-1)*100,"") -> 0.48913256 | J5: =IFERROR((AVERAGE(AVERAGEIFS(INDEX(Plan1!$A:$AA,,MATCH($B5,Plan1!$A$1:$AA$1,0)), Plan1!$A:$A,EOMONTH(E$4,0)),AVERAGEIFS(INDEX(Plan1!$A:$AA,,MATCH($B5,Plan1!$A$1:$AA$1,0)), Plan1!$A:$A,EOMONTH(E$4,-1)),AVERAGEIFS(INDEX(Plan1!$A:$AA,,MATCH($B5,Plan1!$A$1:$AA$1,0)), Plan1!$A:$A,EOMONTH(E$4,-2)))/(AVERAGE(AVERAGEIFS(INDEX(Plan1!$A:$AA,,MATCH($B5,Plan1!$A$1:$AA$1,0)), Plan1!$A:$A,EOMONTH(E$4,-1)),AVERAGEIFS(INDEX(Plan1!$A:$AA,,MATCH($B5,Plan1!$A$1:$AA$1,0)), Plan1!$A:$A,EOMONTH(E$4,-2)),AVERAGEIFS(INDEX(Plan1!$A:$AA,,MATCH($B5,Plan1!$A$1:$AA$1,0)), Plan1!$A:$A,EOMONTH(E$4,-3))))-1)*100,"") -> 0.45004237 | K5: =IFERROR((AVERAGE(AVERAGEIFS(INDEX(Plan1!$A:$AA,,MATCH($B5,Plan1!$A$1:$AA$1,0)), Plan1!$A:$A,EOMONTH(F$4,0)),AVERAGEIFS(INDEX(Plan1!$A:$AA,,MATCH($B5,Plan1!$A$1:$AA$1,0)), Plan1!$A:$A,EOMONTH(F$4,-1)),AVERAGEIFS(INDEX(Plan1!$A:$AA,,MATCH($B5,Plan1!$A$1:$AA$1,0)), Plan1!$A:$A,EOMONTH(F$4,-2)))/(AVERAGE(AVERAGEIFS(INDEX(Plan1!$A:$AA,,MATCH($B5,Plan1!$A$1:$AA$1,0)), Plan1!$A:$A,EOMONTH(F$4,-1)),AVERAGEIFS(INDEX(Plan1!$A:$AA,,MATCH($B5,Plan1!$A$1:$AA$1,0)), Plan1!$A:$A,EOMONTH(F$4,-2)),AVERAGEIFS(INDEX(Plan1!$A:$AA,,MATCH($B5,Plan1!$A$1:$AA$1,0)), Plan1!$A:$A,EOMONTH(F$4,-3))))-1)*100,"") -> 0.18437605 | N5: =IFERROR((SUM(AVERAGEIFS(INDEX(Plan1!$A:$AA,,MATCH($B5,Plan1!$A$1:$AA$1,0)), Plan1!$A:$A,EOMONTH(D$4,0)),AVERAGEIFS(INDEX(Plan1!$A:$AA,,MATCH($B5,Plan1!$A$1:$AA$1,0)), Plan1!$A:$A,EOMONTH(D$4,-1)),AVERAGEIFS(INDEX(Plan1!$A:$AA,,MATCH($B5,Plan1!$A$1:$AA$1,0)), Plan1!$A:$A,EOMONTH(D$4,-2)))/(SUM(AVERAGEIFS(INDEX(Plan1!$A:$AA,,MATCH($B5,Plan1!$A$1:$AA$1,0)), Plan1!$A:$A,EOMONTH(D$4,-3)),AVERAGEIFS(INDEX(Plan1!$A:$AA,,MATCH($B5,Plan1!$A$1:$AA$1,0)), Plan1!$A:$A,EOMONTH(D$4,-4)),AVERAGEIFS(INDEX(Plan1!$A:$AA,,MATCH($B5,Plan1!$A$1:$AA$1,0)), Plan1!$A:$A,EOMONTH(D$4,-5))))-1)*100,"") -> 1.127488 | O5: =IFERROR((SUM(AVERAGEIFS(INDEX(Plan1!$A:$Z,,MATCH($A5,Plan1!$A$1:$Z$1,0)), Plan1!$A:$A,EOMONTH(D$4,0)),AVERAGEIFS(INDEX(Plan1!$A:$Z,,MATCH($A5,Plan1!$A$1:$Z$1,0)), Plan1!$A:$A,EOMONTH(D$4,-1)),AVERAGEIFS(INDEX(Plan1!$A:$Z,,MATCH($A5,Plan1!$A$1:$Z$1,0)), Plan1!$A:$A,EOMONTH(D$4,-2)),AVERAGEIFS(INDEX(Plan1!$A:$Z,,MATCH($A5,Plan1!$A$1:$Z$1,0)), Plan1!$A:$A,EOMONTH(D$4,-3)),AVERAGEIFS(INDEX(Plan1!$A:$Z,,MATCH($A5,Plan1!$A$1:$Z$1,0)), Plan1!$A:$A,EOMONTH(D$4,-4)),AVERAGEIFS(INDEX(Plan1!$A:$Z,,MATCH($A5,Plan1!$A$1:$Z$1,0)), Plan1!$A:$A,EOMONTH(D$4,-5)),AVERAGEIFS(INDEX(Plan1!$A:$Z,,MATCH($A5,Plan1!$A$1:$Z$1,0)), Plan1!$A:$A,EOMONTH(D$4,-6)),AVERAGEIFS(INDEX(Plan1!$A:$Z,,MATCH($A5,Plan1!$A$1:$Z$1,0)), Plan1!$A:$A,EOMONTH(D$4,-7)),AVERAGEIFS(INDEX(Plan1!$A:$Z,,MATCH($A5,Plan1!$A$1:$Z$1,0)), Plan1!$A:$A,EOMONTH(D$4,-8)),AVERAGEIFS(INDEX(Plan1!$A:$Z,,MATCH($A5,Plan1!$A$1:$Z$1,0)), Plan1!$A:$A,EOMONTH(D$4,-9)),AVERAGEIFS(INDEX(Plan1!$A:$Z,,MATCH($A5,Plan1!$A$1:$Z$1,0)), Plan1!$A:$A,EOMONTH(D$4,-10)),AVERAGEIFS(INDEX(Plan1!$A:$Z,,MATCH($A5,Plan1!$A$1:$Z$1,0)), Plan1!$A:$A,EOMONTH(D$4,-11))) /(SUM(AVERAGEIFS(INDEX(Plan1!$A:$Z,,MATCH($A5,Plan1!$A$1:$Z$1,0)), Plan1!$A:$A,EOMONTH(D$4,-12)),AVERAGEIFS(INDEX(Plan1!$A:$Z,,MATCH($A5,Plan1!$A$1:$Z$1,0)), Plan1!$A:$A,EOMONTH(D$4,-13)),AVERAGEIFS(INDEX(Plan1!$A:$Z,,MATCH($A5,Plan1!$A$1:$Z$1,0)), Plan1!$A:$A,EOMONTH(D$4,-14)),AVERAGEIFS(INDEX(Plan1!$A:$Z,,MATCH($A5,Plan1!$A$1:$Z$1,0)), Plan1!$A:$A,EOMONTH(D$4,-15)),AVERAGEIFS(INDEX(Plan1!$A:$Z,,MATCH($A5,Plan1!$A$1:$Z$1,0)), Plan1!$A:$A,EOMONTH(D$4,-16)),AVERAGEIFS(INDEX(Plan1!$A:$Z,,MATCH($A5,Plan1!$A$1:$Z$1,0)), Plan1!$A:$A,EOMONTH(D$4,-17)),AVERAGEIFS(INDEX(Plan1!$A:$Z,,MATCH($A5,Plan1!$A$1:$Z$1,0)), Plan1!$A:$A,EOMONTH(D$4,-18)),AVERAGEIFS(INDEX(Plan1!$A:$Z,,MATCH($A5,Plan1!$A$1:$Z$1,0)), Plan1!$A:$A,EOMONTH(D$4,-19)),AVERAGEIFS(INDEX(Plan1!$A:$Z,,MATCH($A5,Plan1!$A$1:$Z$1,0)), Plan1!$A:$A,EOMONTH(D$4,-20)),AVERAGEIFS(INDEX(Plan1!$A:$Z,,MATCH($A5,Plan1!$A$1:$Z$1,0)), Plan1!$A:$A,EOMONTH(D$4,-21)),AVERAGEIFS(INDEX(Plan1!$A:$Z,,MATCH($A5,Plan1!$A$1:$Z$1,0)), Plan1!$A:$A,EOMONTH(D$4,-22)),AVERAGEIFS(INDEX(Plan1!$A:$Z,,MATCH($A5,Plan1!$A$1:$Z$1,0)), Plan1!$A:$A,EOMONTH(D$4,-23))))-1)*100,"") -> 1.880137
A6: ibc_agropecuaria | B6: ibc_agropecuaria_sa | C6: Agropecuária | D6: =IFERROR((AVERAGEIFS(INDEX(abertura!$A:$Z,,MATCH($B6,abertura!$A$1:$Z$1,0)), abertura!$A:$A,D$4)/AVERAGEIFS(INDEX(abertura!$A:$Z,,MATCH($B6,abertura!$A$1:$Z$1,0)), abertura!$A:$A,EDATE(D$4,-1))-1)*100,"") -> 0.22835747 | E6: =IFERROR((AVERAGEIFS(INDEX(abertura!$A:$Z,,MATCH($B6,abertura!$A$1:$Z$1,0)), abertura!$A:$A,E$4)/AVERAGEIFS(INDEX(abertura!$A:$Z,,MATCH($B6,abertura!$A$1:$Z$1,0)), abertura!$A:$A,EDATE(E$4,-1))-1)*100,"") -> -1.3222083 | F6: =IFERROR((AVERAGEIFS(INDEX(abertura!$A:$Z,,MATCH($B6,abertura!$A$1:$Z$1,0)), abertura!$A:$A,F$4)/AVERAGEIFS(INDEX(abertura!$A:$Z,,MATCH($B6,abertura!$A$1:$Z$1,0)), abertura!$A:$A,EDATE(F$4,-1))-1)*100,"") -> 2.2373961 | I6: =IFERROR((AVERAGE(AVERAGEIFS(INDEX(abertura!$A:$Z,,MATCH($B6,abertura!$A$1:$Z$1,0)), abertura!$A:$A,D$4),AVERAGEIFS(INDEX(abertura!$A:$Z,,MATCH($B6,abertura!$A$1:$Z$1,0)), abertura!$A:$A,EDATE(D$4,-1)),AVERAGEIFS(INDEX(abertura!$A:$Z,,MATCH($B6,abertura!$A$1:$Z$1,0)), abertura!$A:$A,EDATE(D$4,-2)))/(AVERAGE(AVERAGEIFS(INDEX(abertura!$A:$Z,,MATCH($B6,abertura!$A$1:$Z$1,0)), abertura!$A:$A,EDATE(D$4,-1)),AVERAGEIFS(INDEX(abertura!$A:$Z,,MATCH($B6,abertura!$A$1:$Z$1,0)), abertura!$A:$A,EDATE(D$4,-2)),AVERAGEIFS(INDEX(abertura!$A:$Z,,MATCH($B6,abertura!$A$1:$Z$1,0)), abertura!$A:$A,EDATE(D$4,-3))))-1)*100,"") -> 0.36816228 | J6: =IFERROR((AVERAGE(AVERAGEIFS(INDEX(abertura!$A:$Z,,MATCH($B6,abertura!$A$1:$Z$1,0)), abertura!$A:$A,E$4),AVERAGEIFS(INDEX(abertura!$A:$Z,,MATCH($B6,abertura!$A$1:$Z$1,0)), abertura!$A:$A,EDATE(E$4,-1)),AVERAGEIFS(INDEX(abertura!$A:$Z,,MATCH($B6,abertura!$A$1:$Z$1,0)), abertura!$A:$A,EDATE(E$4,-2)))/(AVERAGE(AVERAGEIFS(INDEX(abertura!$A:$Z,,MATCH($B6,abertura!$A$1:$Z$1,0)), abertura!$A:$A,EDATE(E$4,-1)),AVERAGEIFS(INDEX(abertura!$A:$Z,,MATCH($B6,abertura!$A$1:$Z$1,0)), abertura!$A:$A,EDATE(E$4,-2)),AVERAGEIFS(INDEX(abertura!$A:$Z,,MATCH($B6,abertura!$A$1:$Z$1,0)), abertura!$A:$A,EDATE(E$4,-3))))-1)*100,"") -> 0.27564399 | K6: =IFERROR((AVERAGE(AVERAGEIFS(INDEX(abertura!$A:$Z,,MATCH($B6,abertura!$A$1:$Z$1,0)), abertura!$A:$A,F$4),AVERAGEIFS(INDEX(abertura!$A:$Z,,MATCH($B6,abertura!$A$1:$Z$1,0)), abertura!$A:$A,EDATE(F$4,-1)),AVERAGEIFS(INDEX(abertura!$A:$Z,,MATCH($B6,abertura!$A$1:$Z$1,0)), abertura!$A:$A,EDATE(F$4,-2)))/(AVERAGE(AVERAGEIFS(INDEX(abertura!$A:$Z,,MATCH($B6,abertura!$A$1:$Z$1,0)), abertura!$A:$A,EDATE(F$4,-1)),AVERAGEIFS(INDEX(abertura!$A:$Z,,MATCH($B6,abertura!$A$1:$Z$1,0)), abertura!$A:$A,EDATE(F$4,-2)),AVERAGEIFS(INDEX(abertura!$A:$Z,,MATCH($B6,abertura!$A$1:$Z$1,0)), abertura!$A:$A,EDATE(F$4,-3))))-1)*100,"") -> 1.1298484 | N6: =IFERROR((SUM(AVERAGEIFS(INDEX(abertura!$A:$Z,,MATCH($B6,abertura!$A$1:$Z$1,0)), abertura!$A:$A,D$4),AVERAGEIFS(INDEX(abertura!$A:$Z,,MATCH($B6,abertura!$A$1:$Z$1,0)), abertura!$A:$A,EDATE(D$4,-1)),AVERAGEIFS(INDEX(abertura!$A:$Z,,MATCH($B6,abertura!$A$1:$Z$1,0)), abertura!$A:$A,EDATE(D$4,-2)))/(SUM(AVERAGEIFS(INDEX(abertura!$A:$Z,,MATCH($B6,abertura!$A$1:$Z$1,0)), abertura!$A:$A,EDATE(D$4,-3)),AVERAGEIFS(INDEX(abertura!$A:$Z,,MATCH($B6,abertura!$A$1:$Z$1,0)), abertura!$A:$A,EDATE(D$4,-4)),AVERAGEIFS(INDEX(abertura!$A:$Z,,MATCH($B6,abertura!$A$1:$Z$1,0)), abertura!$A:$A,EDATE(D$4,-5))))-1)*100,"") -> 1.7819549 | O6: =IFERROR((SUM(AVERAGEIFS(INDEX(abertura!$A:$Z,,MATCH($A6,abertura!$A$1:$Z$1,0)), abertura!$A:$A,D$4),AVERAGEIFS(INDEX(abertura!$A:$Z,,MATCH($A6,abertura!$A$1:$Z$1,0)), abertura!$A:$A,EDATE(D$4,-1)),AVERAGEIFS(INDEX(abertura!$A:$Z,,MATCH($A6,abertura!$A$1:$Z$1,0)), abertura!$A:$A,EDATE(D$4,-2)),AVERAGEIFS(INDEX(abertura!$A:$Z,,MATCH($A6,abertura!$A$1:$Z$1,0)), abertura!$A:$A,EDATE(D$4,-3)),AVERAGEIFS(INDEX(abertura!$A:$Z,,MATCH($A6,abertura!$A$1:$Z$1,0)), abertura!$A:$A,EDATE(D$4,-4)),AVERAGEIFS(INDEX(abertura!$A:$Z,,MATCH($A6,abertura!$A$1:$Z$1,0)), abertura!$A:$A,EDATE(D$4,-5)),AVERAGEIFS(INDEX(abertura!$A:$Z,,MATCH($A6,abertura!$A$1:$Z$1,0)), abertura!$A:$A,EDATE(D$4,-6)),AVERAGEIFS(INDEX(abertura!$A:$Z,,MATCH($A6,abertura!$A$1:$Z$1,0)), abertura!$A:$A,EDATE(D$4,-7)),AVERAGEIFS(INDEX(abertura!$A:$Z,,MATCH($A6,abertura!$A$1:$Z$1,0)), abertura!$A:$A,EDATE(D$4,-8)),AVERAGEIFS(INDEX(abertura!$A:$Z,,MATCH($A6,abertura!$A$1:$Z$1,0)), abertura!$A:$A,EDATE(D$4,-9)),AVERAGEIFS(INDEX(abertura!$A:$Z,,MATCH($A6,abertura!$A$1:$Z$1,0)), abertura!$A:$A,EDATE(D$4,-10)),AVERAGEIFS(INDEX(abertura!$A:$Z,,MATCH($A6,abertura!$A$1:$Z$1,0)), abertura!$A:$A,EDATE(D$4,-11))) /(SUM(AVERAGEIFS(INDEX(abertura!$A:$Z,,MATCH($A6,abertura!$A$1:$Z$1,0)), abertura!$A:$A,EDATE(D$4,-12)),AVERAGEIFS(INDEX(abertura!$A:$Z,,MATCH($A6,abertura!$A$1:$Z$1,0)), abertura!$A:$A,EDATE(D$4,-13)),AVERAGEIFS(INDEX(abertura!$A:$Z,,MATCH($A6,abertura!$A$1:$Z$1,0)), abertura!$A:$A,EDATE(D$4,-14)),AVERAGEIFS(INDEX(abertura!$A:$Z,,MATCH($A6,abertura!$A$1:$Z$1,0)), abertura!$A:$A,EDATE(D$4,-15)),AVERAGEIFS(INDEX(abertura!$A:$Z,,MATCH($A6,abertura!$A$1:$Z$1,0)), abertura!$A:$A,EDATE(D$4,-16)),AVERAGEIFS(INDEX(abertura!$A:$Z,,MATCH($A6,abertura!$A$1:$Z$1,0)), abertura!$A:$A,EDATE(D$4,-17)),AVERAGEIFS(INDEX(abertura!$A:$Z,,MATCH($A6,abertura!$A$1:$Z$1,0)), abertura!$A:$A,EDATE(D$4,-18)),AVERAGEIFS(INDEX(abertura!$A:$Z,,MATCH($A6,abertura!$A$1:$Z$1,0)), abertura!$A:$A,EDATE(D$4,-19)),AVERAGEIFS(INDEX(abertura!$A:$Z,,MATCH($A6,abertura!$A$1:$Z$1,0)), abertura!$A:$A,EDATE(D$4,-20)),AVERAGEIFS(INDEX(abertura!$A:$Z,,MATCH($A6,abertura!$A$1:$Z$1,0)), abertura!$A:$A,EDATE(D$4,-21)),AVERAGEIFS(INDEX(abertura!$A:$Z,,MATCH($A6,abertura!$A$1:$Z$1,0)), abertura!$A:$A,EDATE(D$4,-22)),AVERAGEIFS(INDEX(abertura!$A:$Z,,MATCH($A6,abertura!$A$1:$Z$1,0)), abertura!$A:$A,EDATE(D$4,-23))))-1)*100,"") -> 9.6616754
A7: ibc_industria | B7: ibc_industria_sa | C7: Indústria | D7: =IFERROR((AVERAGEIFS(INDEX(abertura!$A:$Z,,MATCH($B7,abertura!$A$1:$Z$1,0)), abertura!$A:$A,D$4)/AVERAGEIFS(INDEX(abertura!$A:$Z,,MATCH($B7,abertura!$A$1:$Z$1,0)), abertura!$A:$A,EDATE(D$4,-1))-1)*100,"") -> 1.1761022 | E7: =IFERROR((AVERAGEIFS(INDEX(abertura!$A:$Z,,MATCH($B7,abertura!$A$1:$Z$1,0)), abertura!$A:$A,E$4)/AVERAGEIFS(INDEX(abertura!$A:$Z,,MATCH($B7,abertura!$A$1:$Z$1,0)), abertura!$A:$A,EDATE(E$4,-1))-1)*100,"") -> 0.39676578 | F7: =IFERROR((AVERAGEIFS(INDEX(abertura!$A:$Z,,MATCH($B7,abertura!$A$1:$Z$1,0)), abertura!$A:$A,F$4)/AVERAGEIFS(INDEX(abertura!$A:$Z,,MATCH($B7,abertura!$A$1:$Z$1,0)), abertura!$A:$A,EDATE(F$4,-1))-1)*100,"") -> 0.2655061 | I7: =IFERROR((AVERAGE(AVERAGEIFS(INDEX(abertura!$A:$Z,,MATCH($B7,abertura!$A$1:$Z$1,0)), abertura!$A:$A,D$4),AVERAGEIFS(INDEX(abertura!$A:$Z,,MATCH($B7,abertura!$A$1:$Z$1,0)), abertura!$A:$A,EDATE(D$4,-1)),AVERAGEIFS(INDEX(abertura!$A:$Z,,MATCH($B7,abertura!$A$1:$Z$1,0)), abertura!$A:$A,EDATE(D$4,-2)))/(AVERAGE(AVERAGEIFS(INDEX(abertura!$A:$Z,,MATCH($B7,abertura!$A$1:$Z$1,0)), abertura!$A:$A,EDATE(D$4,-1)),AVERAGEIFS(INDEX(abertura!$A:$Z,,MATCH($B7,abertura!$A$1:$Z$1,0)), abertura!$A:$A,EDATE(D$4,-2)),AVERAGEIFS(INDEX(abertura!$A:$Z,,MATCH($B7,abertura!$A$1:$Z$1,0)), abertura!$A:$A,EDATE(D$4,-3))))-1)*100,"") -> 0.61384244 | J7: =IFERROR((AVERAGE(AVERAGEIFS(INDEX(abertura!$A:$Z,,MATCH($B7,abertura!$A$1:$Z$1,0)), abertura!$A:$A,E$4),AVERAGEIFS(INDEX(abertura!$A:$Z,,MATCH($B7,abertura!$A$1:$Z$1,0)), abertura!$A:$A,EDATE(E$4,-1)),AVERAGEIFS(INDEX(abertura!$A:$Z,,MATCH($B7,abertura!$A$1:$Z$1,0)), abertura!$A:$A,EDATE(E$4,-2)))/(AVERAGE(AVERAGEIFS(INDEX(abertura!$A:$Z,,MATCH($B7,abertura!$A$1:$Z$1,0)), abertura!$A:$A,EDATE(E$4,-1)),AVERAGEIFS(INDEX(abertura!$A:$Z,,MATCH($B7,abertura!$A$1:$Z$1,0)), abertura!$A:$A,EDATE(E$4,-2)),AVERAGEIFS(INDEX(abertura!$A:$Z,,MATCH($B7,abertura!$A$1:$Z$1,0)), abertura!$A:$A,EDATE(E$4,-3))))-1)*100,"") -> 0.33174061 | K7: =IFERROR((AVERAGE(AVERAGEIFS(INDEX(abertura!$A:$Z,,MATCH($B7,abertura!$A$1:$Z$1,0)), abertura!$A:$A,F$4),AVERAGEIFS(INDEX(abertura!$A:$Z,,MATCH($B7,abertura!$A$1:$Z$1,0)), abertura!$A:$A,EDATE(F$4,-1)),AVERAGEIFS(INDEX(abertura!$A:$Z,,MATCH($B7,abertura!$A$1:$Z$1,0)), abertura!$A:$A,EDATE(F$4,-2)))/(AVERAGE(AVERAGEIFS(INDEX(abertura!$A:$Z,,MATCH($B7,abertura!$A$1:$Z$1,0)), abertura!$A:$A,EDATE(F$4,-1)),AVERAGEIFS(INDEX(abertura!$A:$Z,,MATCH($B7,abertura!$A$1:$Z$1,0)), abertura!$A:$A,EDATE(F$4,-2)),AVERAGEIFS(INDEX(abertura!$A:$Z,,MATCH($B7,abertura!$A$1:$Z$1,0)), abertura!$A:$A,EDATE(F$4,-3))))-1)*100,"") -> 0.062615206 | N7: =IFERROR((SUM(AVERAGEIFS(INDEX(abertura!$A:$Z,,MATCH($B7,abertura!$A$1:$Z$1,0)), abertura!$A:$A,D$4),AVERAGEIFS(INDEX(abertura!$A:$Z,,MATCH($B7,abertura!$A$1:$Z$1,0)), abertura!$A:$A,EDATE(D$4,-1)),AVERAGEIFS(INDEX(abertura!$A:$Z,,MATCH($B7,abertura!$A$1:$Z$1,0)), abertura!$A:$A,EDATE(D$4,-2)))/(SUM(AVERAGEIFS(INDEX(abertura!$A:$Z,,MATCH($B7,abertura!$A$1:$Z$1,0)), abertura!$A:$A,EDATE(D$4,-3)),AVERAGEIFS(INDEX(abertura!$A:$Z,,MATCH($B7,abertura!$A$1:$Z$1,0)), abertura!$A:$A,EDATE(D$4,-4)),AVERAGEIFS(INDEX(abertura!$A:$Z,,MATCH($B7,abertura!$A$1:$Z$1,0)), abertura!$A:$A,EDATE(D$4,-5))))-1)*100,"") -> 1.010828 | O7: =IFERROR((SUM(AVERAGEIFS(INDEX(abertura!$A:$Z,,MATCH($A7,abertura!$A$1:$Z$1,0)), abertura!$A:$A,D$4),AVERAGEIFS(INDEX(abertura!$A:$Z,,MATCH($A7,abertura!$A$1:$Z$1,0)), abertura!$A:$A,EDATE(D$4,-1)),AVERAGEIFS(INDEX(abertura!$A:$Z,,MATCH($A7,abertura!$A$1:$Z$1,0)), abertura!$A:$A,EDATE(D$4,-2)),AVERAGEIFS(INDEX(abertura!$A:$Z,,MATCH($A7,abertura!$A$1:$Z$1,0)), abertura!$A:$A,EDATE(D$4,-3)),AVERAGEIFS(INDEX(abertura!$A:$Z,,MATCH($A7,abertura!$A$1:$Z$1,0)), abertura!$A:$A,EDATE(D$4,-4)),AVERAGEIFS(INDEX(abertura!$A:$Z,,MATCH($A7,abertura!$A$1:$Z$1,0)), abertura!$A:$A,EDATE(D$4,-5)),AVERAGEIFS(INDEX(abertura!$A:$Z,,MATCH($A7,abertura!$A$1:$Z$1,0)), abertura!$A:$A,EDATE(D$4,-6)),AVERAGEIFS(INDEX(abertura!$A:$Z,,MATCH($A7,abertura!$A$1:$Z$1,0)), abertura!$A:$A,EDATE(D$4,-7)),AVERAGEIFS(INDEX(abertura!$A:$Z,,MATCH($A7,abertura!$A$1:$Z$1,0)), abertura!$A:$A,EDATE(D$4,-8)),AVERAGEIFS(INDEX(abertura!$A:$Z,,MATCH($A7,abertura!$A$1:$Z$1,0)), abertura!$A:$A,EDATE(D$4,-9)),AVERAGEIFS(INDEX(abertura!$A:$Z,,MATCH($A7,abertura!$A$1:$Z$1,0)), abertura!$A:$A,EDATE(D$4,-10)),AVERAGEIFS(INDEX(abertura!$A:$Z,,MATCH($A7,abertura!$A$1:$Z$1,0)), abertura!$A:$A,EDATE(D$4,-11))) /(SUM(AVERAGEIFS(INDEX(abertura!$A:$Z,,MATCH($A7,abertura!$A$1:$Z$1,0)), abertura!$A:$A,EDATE(D$4,-12)),AVERAGEIFS(INDEX(abertura!$A:$Z,,MATCH($A7,abertura!$A$1:$Z$1,0)), abertura!$A:$A,EDATE(D$4,-13)),AVERAGEIFS(INDEX(abertura!$A:$Z,,MATCH($A7,abertura!$A$1:$Z$1,0)), abertura!$A:$A,EDATE(D$4,-14)),AVERAGEIFS(INDEX(abertura!$A:$Z,,MATCH($A7,abertura!$A$1:$Z$1,0)), abertura!$A:$A,EDATE(D$4,-15)),AVERAGEIFS(INDEX(abertura!$A:$Z,,MATCH($A7,abertura!$A$1:$Z$1,0)), abertura!$A:$A,EDATE(D$4,-16)),AVERAGEIFS(INDEX(abertura!$A:$Z,,MATCH($A7,abertura!$A$1:$Z$1,0)), abertura!$A:$A,EDATE(D$4,-17)),AVERAGEIFS(INDEX(abertura!$A:$Z,,MATCH($A7,abertura!$A$1:$Z$1,0)), abertura!$A:$A,EDATE(D$4,-18)),AVERAGEIFS(INDEX(abertura!$A:$Z,,MATCH($A7,abertura!$A$1:$Z$1,0)), abertura!$A:$A,EDATE(D$4,-19)),AVERAGEIFS(INDEX(abertura!$A:$Z,,MATCH($A7,abertura!$A$1:$Z$1,0)), abertura!$A:$A,EDATE(D$4,-20)),AVERAGEIFS(INDEX(abertura!$A:$Z,,MATCH($A7,abertura!$A$1:$Z$1,0)), abertura!$A:$A,EDATE(D$4,-21)),AVERAGEIFS(INDEX(abertura!$A:$Z,,MATCH($A7,abertura!$A$1:$Z$1,0)), abertura!$A:$A,EDATE(D$4,-22)),AVERAGEIFS(INDEX(abertura!$A:$Z,,MATCH($A7,abertura!$A$1:$Z$1,0)), abertura!$A:$A,EDATE(D$4,-23))))-1)*100,"") -> 0.77092451
A8: ibc_servicos | B8: ibc_servicos_sa | C8: Serviços | D8: =IFERROR((AVERAGEIFS(INDEX(abertura!$A:$Z,,MATCH($B8,abertura!$A$1:$Z$1,0)), abertura!$A:$A,D$4)/AVERAGEIFS(INDEX(abertura!$A:$Z,,MATCH($B8,abertura!$A$1:$Z$1,0)), abertura!$A:$A,EDATE(D$4,-1))-1)*100,"") -> 0.29262862 | E8: =IFERROR((AVERAGEIFS(INDEX(abertura!$A:$Z,,MATCH($B8,abertura!$A$1:$Z$1,0)), abertura!$A:$A,E$4)/AVERAGEIFS(INDEX(abertura!$A:$Z,,MATCH($B8,abertura!$A$1:$Z$1,0)), abertura!$A:$A,EDATE(E$4,-1))-1)*100,"") -> 0.87142906 | F8: =IFERROR((AVERAGEIFS(INDEX(abertura!$A:$Z,,MATCH($B8,abertura!$A$1:$Z$1,0)), abertura!$A:$A,F$4)/AVERAGEIFS(INDEX(abertura!$A:$Z,,MATCH($B8,abertura!$A$1:$Z$1,0)), abertura!$A:$A,EDATE(F$4,-1))-1)*100,"") -> 0.040813703 | I8: =IFERROR((AVERAGE(AVERAGEIFS(INDEX(abertura!$A:$Z,,MATCH($B8,abertura!$A$1:$Z$1,0)), abertura!$A:$A,D$4),AVERAGEIFS(INDEX(abertura!$A:$Z,,MATCH($B8,abertura!$A$1:$Z$1,0)), abertura!$A:$A,EDATE(D$4,-1)),AVERAGEIFS(INDEX(abertura!$A:$Z,,MATCH($B8,abertura!$A$1:$Z$1,0)), abertura!$A:$A,EDATE(D$4,-2)))/(AVERAGE(AVERAGEIFS(INDEX(abertura!$A:$Z,,MATCH($B8,abertura!$A$1:$Z$1,0)), abertura!$A:$A,EDATE(D$4,-1)),AVERAGEIFS(INDEX(abertura!$A:$Z,,MATCH($B8,abertura!$A$1:$Z$1,0)), abertura!$A:$A,EDATE(D$4,-2)),AVERAGEIFS(INDEX(abertura!$A:$Z,,MATCH($B8,abertura!$A$1:$Z$1,0)), abertura!$A:$A,EDATE(D$4,-3))))-1)*100,"") -> 0.401357 | J8: =IFERROR((AVERAGE(AVERAGEIFS(INDEX(abertura!$A:$Z,,MATCH($B8,abertura!$A$1:$Z$1,0)), abertura!$A:$A,E$4),AVERAGEIFS(INDEX(abertura!$A:$Z,,MATCH($B8,abertura!$A$1:$Z$1,0)), abertura!$A:$A,EDATE(E$4,-1)),AVERAGEIFS(INDEX(abertura!$A:$Z,,MATCH($B8,abertura!$A$1:$Z$1,0)), abertura!$A:$A,EDATE(E$4,-2)))/(AVERAGE(AVERAGEIFS(INDEX(abertura!$A:$Z,,MATCH($B8,abertura!$A$1:$Z$1,0)), abertura!$A:$A,EDATE(E$4,-1)),AVERAGEIFS(INDEX(abertura!$A:$Z,,MATCH($B8,abertura!$A$1:$Z$1,0)), abertura!$A:$A,EDATE(E$4,-2)),AVERAGEIFS(INDEX(abertura!$A:$Z,,MATCH($B8,abertura!$A$1:$Z$1,0)), abertura!$A:$A,EDATE(E$4,-3))))-1)*100,"") -> 0.47823186 | K8: =IFERROR((AVERAGE(AVERAGEIFS(INDEX(abertura!$A:$Z,,MATCH($B8,abertura!$A$1:$Z$1,0)), abertura!$A:$A,F$4),AVERAGEIFS(INDEX(abertura!$A:$Z,,MATCH($B8,abertura!$A$1:$Z$1,0)), abertura!$A:$A,EDATE(F$4,-1)),AVERAGEIFS(INDEX(abertura!$A:$Z,,MATCH($B8,abertura!$A$1:$Z$1,0)), abertura!$A:$A,EDATE(F$4,-2)))/(AVERAGE(AVERAGEIFS(INDEX(abertura!$A:$Z,,MATCH($B8,abertura!$A$1:$Z$1,0)), abertura!$A:$A,EDATE(F$4,-1)),AVERAGEIFS(INDEX(abertura!$A:$Z,,MATCH($B8,abertura!$A$1:$Z$1,0)), abertura!$A:$A,EDATE(F$4,-2)),AVERAGEIFS(INDEX(abertura!$A:$Z,,MATCH($B8,abertura!$A$1:$Z$1,0)), abertura!$A:$A,EDATE(F$4,-3))))-1)*100,"") -> 0.21436838 | N8: =IFERROR((SUM(AVERAGEIFS(INDEX(abertura!$A:$Z,,MATCH($B8,abertura!$A$1:$Z$1,0)), abertura!$A:$A,D$4),AVERAGEIFS(INDEX(abertura!$A:$Z,,MATCH($B8,abertura!$A$1:$Z$1,0)), abertura!$A:$A,EDATE(D$4,-1)),AVERAGEIFS(INDEX(abertura!$A:$Z,,MATCH($B8,abertura!$A$1:$Z$1,0)), abertura!$A:$A,EDATE(D$4,-2)))/(SUM(AVERAGEIFS(INDEX(abertura!$A:$Z,,MATCH($B8,abertura!$A$1:$Z$1,0)), abertura!$A:$A,EDATE(D$4,-3)),AVERAGEIFS(INDEX(abertura!$A:$Z,,MATCH($B8,abertura!$A$1:$Z$1,0)), abertura!$A:$A,EDATE(D$4,-4)),AVERAGEIFS(INDEX(abertura!$A:$Z,,MATCH($B8,abertura!$A$1:$Z$1,0)), abertura!$A:$A,EDATE(D$4,-5))))-1)*100,"") -> 1.0977663 | O8: =IFERROR((SUM(AVERAGEIFS(INDEX(abertura!$A:$Z,,MATCH($A8,abertura!$A$1:$Z$1,0)), abertura!$A:$A,D$4),AVERAGEIFS(INDEX(abertura!$A:$Z,,MATCH($A8,abertura!$A$1:$Z$1,0)), abertura!$A:$A,EDATE(D$4,-1)),AVERAGEIFS(INDEX(abertura!$A:$Z,,MATCH($A8,abertura!$A$1:$Z$1,0)), abertura!$A:$A,EDATE(D$4,-2)),AVERAGEIFS(INDEX(abertura!$A:$Z,,MATCH($A8,abertura!$A$1:$Z$1,0)), abertura!$A:$A,EDATE(D$4,-3)),AVERAGEIFS(INDEX(abertura!$A:$Z,,MATCH($A8,abertura!$A$1:$Z$1,0)), abertura!$A:$A,EDATE(D$4,-4)),AVERAGEIFS(INDEX(abertura!$A:$Z,,MATCH($A8,abertura!$A$1:$Z$1,0)), abertura!$A:$A,EDATE(D$4,-5)),AVERAGEIFS(INDEX(abertura!$A:$Z,,MATCH($A8,abertura!$A$1:$Z$1,0)), abertura!$A:$A,EDATE(D$4,-6)),AVERAGEIFS(INDEX(abertura!$A:$Z,,MATCH($A8,abertura!$A$1:$Z$1,0)), abertura!$A:$A,EDATE(D$4,-7)),AVERAGEIFS(INDEX(abertura!$A:$Z,,MATCH($A8,abertura!$A$1:$Z$1,0)), abertura!$A:$A,EDATE(D$4,-8)),AVERAGEIFS(INDEX(abertura!$A:$Z,,MATCH($A8,abertura!$A$1:$Z$1,0)), abertura!$A:$A,EDATE(D$4,-9)),AVERAGEIFS(INDEX(abertura!$A:$Z,,MATCH($A8,abertura!$A$1:$Z$1,0)), abertura!$A:$A,EDATE(D$4,-10)),AVERAGEIFS(INDEX(abertura!$A:$Z,,MATCH($A8,abertura!$A$1:$Z$1,0)), abertura!$A:$A,EDATE(D$4,-11))) /(SUM(AVERAGEIFS(INDEX(abertura!$A:$Z,,MATCH($A8,abertura!$A$1:$Z$1,0)), abertura!$A:$A,EDATE(D$4,-12)),AVERAGEIFS(INDEX(abertura!$A:$Z,,MATCH($A8,abertura!$A$1:$Z$1,0)), abertura!$A:$A,EDATE(D$4,-13)),AVERAGEIFS(INDEX(abertura!$A:$Z,,MATCH($A8,abertura!$A$1:$Z$1,0)), abertura!$A:$A,EDATE(D$4,-14)),AVERAGEIFS(INDEX(abertura!$A:$Z,,MATCH($A8,abertura!$A$1:$Z$1,0)), abertura!$A:$A,EDATE(D$4,-15)),AVERAGEIFS(INDEX(abertura!$A:$Z,,MATCH($A8,abertura!$A$1:$Z$1,0)), abertura!$A:$A,EDATE(D$4,-16)),AVERAGEIFS(INDEX(abertura!$A:$Z,,MATCH($A8,abertura!$A$1:$Z$1,0)), abertura!$A:$A,EDATE(D$4,-17)),AVERAGEIFS(INDEX(abertura!$A:$Z,,MATCH($A8,abertura!$A$1:$Z$1,0)), abertura!$A:$A,EDATE(D$4,-18)),AVERAGEIFS(INDEX(abertura!$A:$Z,,MATCH($A8,abertura!$A$1:$Z$1,0)), abertura!$A:$A,EDATE(D$4,-19)),AVERAGEIFS(INDEX(abertura!$A:$Z,,MATCH($A8,abertura!$A$1:$Z$1,0)), abertura!$A:$A,EDATE(D$4,-20)),AVERAGEIFS(INDEX(abertura!$A:$Z,,MATCH($A8,abertura!$A$1:$Z$1,0)), abertura!$A:$A,EDATE(D$4,-21)),AVERAGEIFS(INDEX(abertura!$A:$Z,,MATCH($A8,abertura!$A$1:$Z$1,0)), abertura!$A:$A,EDATE(D$4,-22)),AVERAGEIFS(INDEX(abertura!$A:$Z,,MATCH($A8,abertura!$A$1:$Z$1,0)), abertura!$A:$A,EDATE(D$4,-23))))-1)*100,"") -> 1.9119934
A9: ibc_impostos | B9: ibc_impostos_sa | C9: Impostos | D9: =IFERROR((AVERAGEIFS(INDEX(abertura!$A:$Z,,MATCH($B9,abertura!$A$1:$Z$1,0)), abertura!$A:$A,D$4)/AVERAGEIFS(INDEX(abertura!$A:$Z,,MATCH($B9,abertura!$A$1:$Z$1,0)), abertura!$A:$A,EDATE(D$4,-1))-1)*100,"") -> 0.75444767 | E9: =IFERROR((AVERAGEIFS(INDEX(abertura!$A:$Z,,MATCH($B9,abertura!$A$1:$Z$1,0)), abertura!$A:$A,E$4)/AVERAGEIFS(INDEX(abertura!$A:$Z,,MATCH($B9,abertura!$A$1:$Z$1,0)), abertura!$A:$A,EDATE(E$4,-1))-1)*100,"") -> 0.77623969 | F9: =IFERROR((AVERAGEIFS(INDEX(abertura!$A:$Z,,MATCH($B9,abertura!$A$1:$Z$1,0)), abertura!$A:$A,F$4)/AVERAGEIFS(INDEX(abertura!$A:$Z,,MATCH($B9,abertura!$A$1:$Z$1,0)), abertura!$A:$A,EDATE(F$4,-1))-1)*100,"") -> -0.043151291 | I9: =IFERROR((AVERAGE(AVERAGEIFS(INDEX(abertura!$A:$Z,,MATCH($B9,abertura!$A$1:$Z$1,0)), abertura!$A:$A,D$4),AVERAGEIFS(INDEX(abertura!$A:$Z,,MATCH($B9,abertura!$A$1:$Z$1,0)), abertura!$A:$A,EDATE(D$4,-1)),AVERAGEIFS(INDEX(abertura!$A:$Z,,MATCH($B9,abertura!$A$1:$Z$1,0)), abertura!$A:$A,EDATE(D$4,-2)))/(AVERAGE(AVERAGEIFS(INDEX(abertura!$A:$Z,,MATCH($B9,abertura!$A$1:$Z$1,0)), abertura!$A:$A,EDATE(D$4,-1)),AVERAGEIFS(INDEX(abertura!$A:$Z,,MATCH($B9,abertura!$A$1:$Z$1,0)), abertura!$A:$A,EDATE(D$4,-2)),AVERAGEIFS(INDEX(abertura!$A:$Z,,MATCH($B9,abertura!$A$1:$Z$1,0)), abertura!$A:$A,EDATE(D$4,-3))))-1)*100,"") -> 0.49643531 | J9: =IFERROR((AVERAGE(AVERAGEIFS(INDEX(abertura!$A:$Z,,MATCH($B9,abertura!$A$1:$Z$1,0)), abertura!$A:$A,E$4),AVERAGEIFS(INDEX(abertura!$A:$Z,,MATCH($B9,abertura!$A$1:$Z$1,0)), abertura!$A:$A,EDATE(E$4,-1)),AVERAGEIFS(INDEX(abertura!$A:$Z,,MATCH($B9,abertura!$A$1:$Z$1,0)), abertura!$A:$A,EDATE(E$4,-2)))/(AVERAGE(AVERAGEIFS(INDEX(abertura!$A:$Z,,MATCH($B9,abertura!$A$1:$Z$1,0)), abertura!$A:$A,EDATE(E$4,-1)),AVERAGEIFS(INDEX(abertura!$A:$Z,,MATCH($B9,abertura!$A$1:$Z$1,0)), abertura!$A:$A,EDATE(E$4,-2)),AVERAGEIFS(INDEX(abertura!$A:$Z,,MATCH($B9,abertura!$A$1:$Z$1,0)), abertura!$A:$A,EDATE(E$4,-3))))-1)*100,"") -> 0.5464087 | K9: =IFERROR((AVERAGE(AVERAGEIFS(INDEX(abertura!$A:$Z,,MATCH($B9,abertura!$A$1:$Z$1,0)), abertura!$A:$A,F$4),AVERAGEIFS(INDEX(abertura!$A:$Z,,MATCH($B9,abertura!$A$1:$Z$1,0)), abertura!$A:$A,EDATE(F$4,-1)),AVERAGEIFS(INDEX(abertura!$A:$Z,,MATCH($B9,abertura!$A$1:$Z$1,0)), abertura!$A:$A,EDATE(F$4,-2)))/(AVERAGE(AVERAGEIFS(INDEX(abertura!$A:$Z,,MATCH($B9,abertura!$A$1:$Z$1,0)), abertura!$A:$A,EDATE(F$4,-1)),AVERAGEIFS(INDEX(abertura!$A:$Z,,MATCH($B9,abertura!$A$1:$Z$1,0)), abertura!$A:$A,EDATE(F$4,-2)),AVERAGEIFS(INDEX(abertura!$A:$Z,,MATCH($B9,abertura!$A$1:$Z$1,0)), abertura!$A:$A,EDATE(F$4,-3))))-1)*100,"") -> 0.29872083 | N9: =IFERROR((SUM(AVERAGEIFS(INDEX(abertura!$A:$Z,,MATCH($B9,abertura!$A$1:$Z$1,0)), abertura!$A:$A,D$4),AVERAGEIFS(INDEX(abertura!$A:$Z,,MATCH($B9,abertura!$A$1:$Z$1,0)), abertura!$A:$A,EDATE(D$4,-1)),AVERAGEIFS(INDEX(abertura!$A:$Z,,MATCH($B9,abertura!$A$1:$Z$1,0)), abertura!$A:$A,EDATE(D$4,-2)))/(SUM(AVERAGEIFS(INDEX(abertura!$A:$Z,,MATCH($B9,abertura!$A$1:$Z$1,0)), abertura!$A:$A,EDATE(D$4,-3)),AVERAGEIFS(INDEX(abertura!$A:$Z,,MATCH($B9,abertura!$A$1:$Z$1,0)), abertura!$A:$A,EDATE(D$4,-4)),AVERAGEIFS(INDEX(abertura!$A:$Z,,MATCH($B9,abertura!$A$1:$Z$1,0)), abertura!$A:$A,EDATE(D$4,-5))))-1)*100,"") -> 1.3474007 | O9: =IFERROR((SUM(AVERAGEIFS(INDEX(abertura!$A:$Z,,MATCH($A9,abertura!$A$1:$Z$1,0)), abertura!$A:$A,D$4),AVERAGEIFS(INDEX(abertura!$A:$Z,,MATCH($A9,abertura!$A$1:$Z$1,0)), abertura!$A:$A,EDATE(D$4,-1)),AVERAGEIFS(INDEX(abertura!$A:$Z,,MATCH($A9,abertura!$A$1:$Z$1,0)), abertura!$A:$A,EDATE(D$4,-2)),AVERAGEIFS(INDEX(abertura!$A:$Z,,MATCH($A9,abertura!$A$1:$Z$1,0)), abertura!$A:$A,EDATE(D$4,-3)),AVERAGEIFS(INDEX(abertura!$A:$Z,,MATCH($A9,abertura!$A$1:$Z$1,0)), abertura!$A:$A,EDATE(D$4,-4)),AVERAGEIFS(INDEX(abertura!$A:$Z,,MATCH($A9,abertura!$A$1:$Z$1,0)), abertura!$A:$A,EDATE(D$4,-5)),AVERAGEIFS(INDEX(abertura!$A:$Z,,MATCH($A9,abertura!$A$1:$Z$1,0)), abertura!$A:$A,EDATE(D$4,-6)),AVERAGEIFS(INDEX(abertura!$A:$Z,,MATCH($A9,abertura!$A$1:$Z$1,0)), abertura!$A:$A,EDATE(D$4,-7)),AVERAGEIFS(INDEX(abertura!$A:$Z,,MATCH($A9,abertura!$A$1:$Z$1,0)), abertura!$A:$A,EDATE(D$4,-8)),AVERAGEIFS(INDEX(abertura!$A:$Z,,MATCH($A9,abertura!$A$1:$Z$1,0)), abertura!$A:$A,EDATE(D$4,-9)),AVERAGEIFS(INDEX(abertura!$A:$Z,,MATCH($A9,abertura!$A$1:$Z$1,0)), abertura!$A:$A,EDATE(D$4,-10)),AVERAGEIFS(INDEX(abertura!$A:$Z,,MATCH($A9,abertura!$A$1:$Z$1,0)), abertura!$A:$A,EDATE(D$4,-11))) /(SUM(AVERAGEIFS(INDEX(abertura!$A:$Z,,MATCH($A9,abertura!$A$1:$Z$1,0)), abertura!$A:$A,EDATE(D$4,-12)),AVERAGEIFS(INDEX(abertura!$A:$Z,,MATCH($A9,abertura!$A$1:$Z$1,0)), abertura!$A:$A,EDATE(D$4,-13)),AVERAGEIFS(INDEX(abertura!$A:$Z,,MATCH($A9,abertura!$A$1:$Z$1,0)), abertura!$A:$A,EDATE(D$4,-14)),AVERAGEIFS(INDEX(abertura!$A:$Z,,MATCH($A9,abertura!$A$1:$Z$1,0)), abertura!$A:$A,EDATE(D$4,-15)),AVERAGEIFS(INDEX(abertura!$A:$Z,,MATCH($A9,abertura!$A$1:$Z$1,0)), abertura!$A:$A,EDATE(D$4,-16)),AVERAGEIFS(INDEX(abertura!$A:$Z,,MATCH($A9,abertura!$A$1:$Z$1,0)), abertura!$A:$A,EDATE(D$4,-17)),AVERAGEIFS(INDEX(abertura!$A:$Z,,MATCH($A9,abertura!$A$1:$Z$1,0)), abertura!$A:$A,EDATE(D$4,-18)),AVERAGEIFS(INDEX(abertura!$A:$Z,,MATCH($A9,abertura!$A$1:$Z$1,0)), abertura!$A:$A,EDATE(D$4,-19)),AVERAGEIFS(INDEX(abertura!$A:$Z,,MATCH($A9,abertura!$A$1:$Z$1,0)), abertura!$A:$A,EDATE(D$4,-20)),AVERAGEIFS(INDEX(abertura!$A:$Z,,MATCH($A9,abertura!$A$1:$Z$1,0)), abertura!$A:$A,EDATE(D$4,-21)),AVERAGEIFS(INDEX(abertura!$A:$Z,,MATCH($A9,abertura!$A$1:$Z$1,0)), abertura!$A:$A,EDATE(D$4,-22)),AVERAGEIFS(INDEX(abertura!$A:$Z,,MATCH($A9,abertura!$A$1:$Z$1,0)), abertura!$A:$A,EDATE(D$4,-23))))-1)*100,"") -> 0.13383039
A10: ibc_ex_agro | B10: ibc_ex_agro_sa | C10: Total ex-Agropecuária | D10: =IFERROR((AVERAGEIFS(INDEX(abertura!$A:$Z,,MATCH($B10,abertura!$A$1:$Z$1,0)), abertura!$A:$A,D$4)/AVERAGEIFS(INDEX(abertura!$A:$Z,,MATCH($B10,abertura!$A$1:$Z$1,0)), abertura!$A:$A,EDATE(D$4,-1))-1)*100,"") -> 0.60754487 | E10: =IFERROR((AVERAGEIFS(INDEX(abertura!$A:$Z,,MATCH($B10,abertura!$A$1:$Z$1,0)), abertura!$A:$A,E$4)/AVERAGEIFS(INDEX(abertura!$A:$Z,,MATCH($B10,abertura!$A$1:$Z$1,0)), abertura!$A:$A,EDATE(E$4,-1))-1)*100,"") -> 0.96104291 | F10: =IFERROR((AVERAGEIFS(INDEX(abertura!$A:$Z,,MATCH($B10,abertura!$A$1:$Z$1,0)), abertura!$A:$A,F$4)/AVERAGEIFS(INDEX(abertura!$A:$Z,,MATCH($B10,abertura!$A$1:$Z$1,0)), abertura!$A:$A,EDATE(F$4,-1))-1)*100,"") -> -0.12333268 | I10: =IFERROR((AVERAGE(AVERAGEIFS(INDEX(abertura!$A:$Z,,MATCH($B10,abertura!$A$1:$Z$1,0)), abertura!$A:$A,D$4),AVERAGEIFS(INDEX(abertura!$A:$Z,,MATCH($B10,abertura!$A$1:$Z$1,0)), abertura!$A:$A,EDATE(D$4,-1)),AVERAGEIFS(INDEX(abertura!$A:$Z,,MATCH($B10,abertura!$A$1:$Z$1,0)), abertura!$A:$A,EDATE(D$4,-2)))/(AVERAGE(AVERAGEIFS(INDEX(abertura!$A:$Z,,MATCH($B10,abertura!$A$1:$Z$1,0)), abertura!$A:$A,EDATE(D$4,-1)),AVERAGEIFS(INDEX(abertura!$A:$Z,,MATCH($B10,abertura!$A$1:$Z$1,0)), abertura!$A:$A,EDATE(D$4,-2)),AVERAGEIFS(INDEX(abertura!$A:$Z,,MATCH($B10,abertura!$A$1:$Z$1,0)), abertura!$A:$A,EDATE(D$4,-3))))-1)*100,"") -> 0.48190506 | J10: =IFERROR((AVERAGE(AVERAGEIFS(INDEX(abertura!$A:$Z,,MATCH($B10,abertura!$A$1:$Z$1,0)), abertura!$A:$A,E$4),AVERAGEIFS(INDEX(abertura!$A:$Z,,MATCH($B10,abertura!$A$1:$Z$1,0)), abertura!$A:$A,EDATE(E$4,-1)),AVERAGEIFS(INDEX(abertura!$A:$Z,,MATCH($B10,abertura!$A$1:$Z$1,0)), abertura!$A:$A,EDATE(E$4,-2)))/(AVERAGE(AVERAGEIFS(INDEX(abertura!$A:$Z,,MATCH($B10,abertura!$A$1:$Z$1,0)), abertura!$A:$A,EDATE(E$4,-1)),AVERAGEIFS(INDEX(abertura!$A:$Z,,MATCH($B10,abertura!$A$1:$Z$1,0)), abertura!$A:$A,EDATE(E$4,-2)),AVERAGEIFS(INDEX(abertura!$A:$Z,,MATCH($B10,abertura!$A$1:$Z$1,0)), abertura!$A:$A,EDATE(E$4,-3))))-1)*100,"") -> 0.44350416 | K10: =IFERROR((AVERAGE(AVERAGEIFS(INDEX(abertura!$A:$Z,,MATCH($B10,abertura!$A$1:$Z$1,0)), abertura!$A:$A,F$4),AVERAGEIFS(INDEX(abertura!$A:$Z,,MATCH($B10,abertura!$A$1:$Z$1,0)), abertura!$A:$A,EDATE(F$4,-1)),AVERAGEIFS(INDEX(abertura!$A:$Z,,MATCH($B10,abertura!$A$1:$Z$1,0)), abertura!$A:$A,EDATE(F$4,-2)))/(AVERAGE(AVERAGEIFS(INDEX(abertura!$A:$Z,,MATCH($B10,abertura!$A$1:$Z$1,0)), abertura!$A:$A,EDATE(F$4,-1)),AVERAGEIFS(INDEX(abertura!$A:$Z,,MATCH($B10,abertura!$A$1:$Z$1,0)), abertura!$A:$A,EDATE(F$4,-2)),AVERAGEIFS(INDEX(abertura!$A:$Z,,MATCH($B10,abertura!$A$1:$Z$1,0)), abertura!$A:$A,EDATE(F$4,-3))))-1)*100,"") -> 0.13128254 | N10: =IFERROR((SUM(AVERAGEIFS(INDEX(abertura!$A:$Z,,MATCH($B10,abertura!$A$1:$Z$1,0)), abertura!$A:$A,D$4),AVERAGEIFS(INDEX(abertura!$A:$Z,,MATCH($B10,abertura!$A$1:$Z$1,0)), abertura!$A:$A,EDATE(D$4,-1)),AVERAGEIFS(INDEX(abertura!$A:$Z,,MATCH($B10,abertura!$A$1:$Z$1,0)), abertura!$A:$A,EDATE(D$4,-2)))/(SUM(AVERAGEIFS(INDEX(abertura!$A:$Z,,MATCH($B10,abertura!$A$1:$Z$1,0)), abertura!$A:$A,EDATE(D$4,-3)),AVERAGEIFS(INDEX(abertura!$A:$Z,,MATCH($B10,abertura!$A$1:$Z$1,0)), abertura!$A:$A,EDATE(D$4,-4)),AVERAGEIFS(INDEX(abertura!$A:$Z,,MATCH($B10,abertura!$A$1:$Z$1,0)), abertura!$A:$A,EDATE(D$4,-5))))-1)*100,"") -> 1.0600467 | O10: =IFERROR((SUM(AVERAGEIFS(INDEX(abertura!$A:$Z,,MATCH($A10,abertura!$A$1:$Z$1,0)), abertura!$A:$A,D$4),AVERAGEIFS(INDEX(abertura!$A:$Z,,MATCH($A10,abertura!$A$1:$Z$1,0)), abertura!$A:$A,EDATE(D$4,-1)),AVERAGEIFS(INDEX(abertura!$A:$Z,,MATCH($A10,abertura!$A$1:$Z$1,0)), abertura!$A:$A,EDATE(D$4,-2)),AVERAGEIFS(INDEX(abertura!$A:$Z,,MATCH($A10,abertura!$A$1:$Z$1,0)), abertura!$A:$A,EDATE(D$4,-3)),AVERAGEIFS(INDEX(abertura!$A:$Z,,MATCH($A10,abertura!$A$1:$Z$1,0)), abertura!$A:$A,EDATE(D$4,-4)),AVERAGEIFS(INDEX(abertura!$A:$Z,,MATCH($A10,abertura!$A$1:$Z$1,0)), abertura!$A:$A,EDATE(D$4,-5)),AVERAGEIFS(INDEX(abertura!$A:$Z,,MATCH($A10,abertura!$A$1:$Z$1,0)), abertura!$A:$A,EDATE(D$4,-6)),AVERAGEIFS(INDEX(abertura!$A:$Z,,MATCH($A10,abertura!$A$1:$Z$1,0)), abertura!$A:$A,EDATE(D$4,-7)),AVERAGEIFS(INDEX(abertura!$A:$Z,,MATCH($A10,abertura!$A$1:$Z$1,0)), abertura!$A:$A,EDATE(D$4,-8)),AVERAGEIFS(INDEX(abertura!$A:$Z,,MATCH($A10,abertura!$A$1:$Z$1,0)), abertura!$A:$A,EDATE(D$4,-9)),AVERAGEIFS(INDEX(abertura!$A:$Z,,MATCH($A10,abertura!$A$1:$Z$1,0)), abertura!$A:$A,EDATE(D$4,-10)),AVERAGEIFS(INDEX(abertura!$A:$Z,,MATCH($A10,abertura!$A$1:$Z$1,0)), abertura!$A:$A,EDATE(D$4,-11))) /(SUM(AVERAGEIFS(INDEX(abertura!$A:$Z,,MATCH($A10,abertura!$A$1:$Z$1,0)), abertura!$A:$A,EDATE(D$4,-12)),AVERAGEIFS(INDEX(abertura!$A:$Z,,MATCH($A10,abertura!$A$1:$Z$1,0)), abertura!$A:$A,EDATE(D$4,-13)),AVERAGEIFS(INDEX(abertura!$A:$Z,,MATCH($A10,abertura!$A$1:$Z$1,0)), abertura!$A:$A,EDATE(D$4,-14)),AVERAGEIFS(INDEX(abertura!$A:$Z,,MATCH($A10,abertura!$A$1:$Z$1,0)), abertura!$A:$A,EDATE(D$4,-15)),AVERAGEIFS(INDEX(abertura!$A:$Z,,MATCH($A10,abertura!$A$1:$Z$1,0)), abertura!$A:$A,EDATE(D$4,-16)),AVERAGEIFS(INDEX(abertura!$A:$Z,,MATCH($A10,abertura!$A$1:$Z$1,0)), abertura!$A:$A,EDATE(D$4,-17)),AVERAGEIFS(INDEX(abertura!$A:$Z,,MATCH($A10,abertura!$A$1:$Z$1,0)), abertura!$A:$A,EDATE(D$4,-18)),AVERAGEIFS(INDEX(abertura!$A:$Z,,MATCH($A10,abertura!$A$1:$Z$1,0)), abertura!$A:$A,EDATE(D$4,-19)),AVERAGEIFS(INDEX(abertura!$A:$Z,,MATCH($A10,abertura!$A$1:$Z$1,0)), abertura!$A:$A,EDATE(D$4,-20)),AVERAGEIFS(INDEX(abertura!$A:$Z,,MATCH($A10,abertura!$A$1:$Z$1,0)), abertura!$A:$A,EDATE(D$4,-21)),AVERAGEIFS(INDEX(abertura!$A:$Z,,MATCH($A10,abertura!$A$1:$Z$1,0)), abertura!$A:$A,EDATE(D$4,-22)),AVERAGEIFS(INDEX(abertura!$A:$Z,,MATCH($A10,abertura!$A$1:$Z$1,0)), abertura!$A:$A,EDATE(D$4,-23))))-1)*100,"") -> 1.3995984
C11: *Trim: tri móvel até mês ref. vs tri móvel até 3 meses antes; **12m: 12m até mês ref. vs mesmo período ano ant.
